# plscope-utils - Core Database Objects

## Introduction
This component of plscope-utils provides relational views and PL/SQL packages based on PL/Scope to simplify common source code analysis tasks.

## Prerequisites

* Oracle Database 12.2.0.1 or higher
* Oracle client (SQL*Plus, SQLcl or SQL Developer) to connect to the database

## Installation

1. Clone or download this repository. Extract the downloaded zip file, if you have chosen the download option.

2. Open a terminal window and change to the directory containing this README.md file

		cd (...)

3. Create an oracle user for the plscope-utils database objects. The default username and password is ```plscope```.
   * optionally change username, password and tablespace in the installation script [database/utils/user/plscope.sql](https://github.com/PhilippSalvisberg/plscope-utils/blob/main/database/utils/user/plscope.sql)

   * connect as sys to the target database

			sqlplus / as sysdba

   * execute the script [database/utils/user/plscope.sql](https://github.com/PhilippSalvisberg/plscope-utils/blob/main/database/utils/user/plscope.sql)

			@database/utils/user/plscope.sql
			EXIT

4. Install plscope-utils

   * connect to the plscope-utils user created in the previous step

			sqlplus plscope/plscope

   * execute the script [database/install.sql](https://github.com/PhilippSalvisberg/plscope-utils/blob/main/database/install.sql)

			@database/install.sql
			EXIT

## Usage

### Compile with PL/Scope

#### Enable PL/Scope in the current session

	ALTER SESSION SET plscope_settings='identifiers:all, statements:all';

#### Create/compile a procedure

The following example is based on demo [tables](https://github.com/PhilippSalvisberg/plscope-utils/tree/main/database/demo/table) installed by plscope-utils.

	CREATE OR REPLACE PROCEDURE load_from_tab IS
	BEGIN
	   INSERT INTO deptsal (dept_no, dept_name, salary)
	   SELECT /*+ordered */
	          d.deptno, d.dname, SUM(e.sal + NVL(e.comm, 0)) AS sal
	     FROM dept d
	     LEFT JOIN (SELECT *
	                  FROM emp
	                 WHERE hiredate > DATE '1980-01-01') e
	       ON e.deptno = d.deptno
	    GROUP BY d.deptno, d.dname;
	   COMMIT;
	END load_from_tab;
	/

### Set Session Context (optional)

All views are filtered by the following session context attributes:

Attribute | Default Value | Predicate used in views
--------- | ------------- | -----------------------
OWNER | ```USER``` | ```owner LIKE nvl(sys_context('PLSCOPE', 'OWNER'), USER)```
OBJECT_TYPE | ```%``` | ```object_type LIKE nvl(sys_context('PLSCOPE', 'OBJECT_TYPE'), '%')```
OBJECT_NAME | ```%``` | ```object_name LIKE nvl(sys_context('PLSCOPE', 'OBJECT_NAME'), '%')```

The filter is applied in the views as early as possible to improve runtime performance. You may set the ```OWNER``` attribute to ```%``` and filter the owner in the where clause, e.g. to analyse several schemas in one go. 

Here's an example to set the context to a chosen PL/SQL package of the [Alexandria PL/SQL Utility Library](https://github.com/mortenbra/alexandria-plsql-utils):

	EXEC plscope_context.set_attr('OWNER', 'AX');
	EXEC plscope_context.set_attr('OBJECT_TYPE', 'PACKAGE%');
	EXEC plscope_context.set_attr('OBJECT_NAME', 'APEX_UTIL_PKG');
 

### [View PLSCOPE\_IDENTIFIERS](https://github.com/PhilippSalvisberg/plscope-utils/blob/main/database/utils/view/plscope_identifiers.sql)

This view combines the ```dba_identifiers```, ```dba_statements``` and ```dba_source``` views. It provides all columns from ```dba_identifiers``` plus the following:

Column Name           | Description
--------------------- | -------------
```procedure_name```  | Name of the function/procedure in a PL/SQL package (same as ```object_name``` for standalone procedures and functions)
```procedure_scope```| ```PRIVATE``` or ```PUBLIC``` scope of a function/procedure in a PL/SQL package, children inherit the procedure scope.
```name_path```       | Context of the identifier represented as path
```path_len```        | Hierarchy level of the identifier (number of forward slashes in ```name_path```)
```ref_owner```       | ```owner``` of the object referenced by the ```signature``` column
```ref_object_type``` | ```object_type``` of the object referenced by the ```signature``` column
```ref_object_name``` | ```object_name``` of the object referenced by the ```signature``` column
```text``` | ```text``` of the referenced source code line
```parent_statement_type``` | ```type``` of the parent statement (```NULL``` if parent is not a SQL statement)
```parent_statement_signature``` | ```signature``` of the parent statement (```NULL``` if parent is not a SQL statement)
```parent_statement_path_len``` | ```path_len``` of the parent statement (```NULL``` if parent is not a SQL statement)
```is_used``` | ```YES``` if a declared identifier has been referenced, otherwise ```NO```. ```NULL``` when ```is_used``` is not applicable for an identifier (e.g. SQL statements).

#### Query

	SELECT procedure_name, line, col, name, name_path, path_len, type, usage,
	       ref_owner, ref_object_type, ref_object_name,
	       text, parent_statement_type, parent_statement_signature, signature
	  FROM plscope_identifiers
	 WHERE object_name = 'LOAD_FROM_TAB'
	 ORDER BY line, col;

#### Result

	PROCEDURE_NAME LINE  COL NAME          NAME_PATH                                            PATH_LEN TYPE      USAGE        REF_OWNER REF_OBJECT_TYPE REF_OBJECT_NAME TEXT                                                            PARENT_STATEMENT_TYPE PARENT_STATEMENT_SIGNATURE       SIGNATURE                       
	-------------- ---- ---- ------------- ---------------------------------------------------- -------- --------- ------------ --------- --------------- --------------- --------------------------------------------------------------- --------------------- -------------------------------- --------------------------------
	                  1   11 LOAD_FROM_TAB /LOAD_FROM_TAB                                              1 PROCEDURE DECLARATION  PLSCOPE   PROCEDURE       LOAD_FROM_TAB   PROCEDURE load_from_tab IS                                                                                             95BB10518161E6977D1AAAE904795B9B
	LOAD_FROM_TAB     1   11 LOAD_FROM_TAB /LOAD_FROM_TAB/LOAD_FROM_TAB                                2 PROCEDURE DEFINITION   PLSCOPE   PROCEDURE       LOAD_FROM_TAB   PROCEDURE load_from_tab IS                                                                                             95BB10518161E6977D1AAAE904795B9B
	LOAD_FROM_TAB     3    4 3nyyhcpmwxcgz /LOAD_FROM_TAB/LOAD_FROM_TAB/3nyyhcpmwxcgz                  3 INSERT    EXECUTE                                                   INSERT INTO deptsal (dept_no, dept_name, salary)                                                                    0F66407F96683E82288B47C4A3692141
	LOAD_FROM_TAB     3   16 DEPTSAL       /LOAD_FROM_TAB/LOAD_FROM_TAB/3nyyhcpmwxcgz/DEPTSAL          4 TABLE     REFERENCE    PLSCOPE   TABLE           DEPTSAL            INSERT INTO deptsal (dept_no, dept_name, salary)             INSERT                0F66407F96683E82288B47C4A3692141 842CE56AC592888B175F02BB44BD5B94
	LOAD_FROM_TAB     3   25 DEPT_NO       /LOAD_FROM_TAB/LOAD_FROM_TAB/3nyyhcpmwxcgz/DEPT_NO          4 COLUMN    REFERENCE    PLSCOPE   TABLE           DEPTSAL            INSERT INTO deptsal (dept_no, dept_name, salary)             INSERT                0F66407F96683E82288B47C4A3692141 0E36BB98CA1380341FCA76D468AC332C
	LOAD_FROM_TAB     3   34 DEPT_NAME     /LOAD_FROM_TAB/LOAD_FROM_TAB/3nyyhcpmwxcgz/DEPT_NAME        4 COLUMN    REFERENCE    PLSCOPE   TABLE           DEPTSAL            INSERT INTO deptsal (dept_no, dept_name, salary)             INSERT                0F66407F96683E82288B47C4A3692141 4C400D0DF6CC5BD98ADBFEF88EEBC69D
	LOAD_FROM_TAB     3   45 SALARY        /LOAD_FROM_TAB/LOAD_FROM_TAB/3nyyhcpmwxcgz/SALARY           4 COLUMN    REFERENCE    PLSCOPE   TABLE           DEPTSAL            INSERT INTO deptsal (dept_no, dept_name, salary)             INSERT                0F66407F96683E82288B47C4A3692141 8F86A093162D45F0949E56BA145A1FE3
	LOAD_FROM_TAB     5   13 DEPTNO        /LOAD_FROM_TAB/LOAD_FROM_TAB/3nyyhcpmwxcgz/DEPTNO           4 COLUMN    REFERENCE    PLSCOPE   TABLE           DEPT                      d.deptno, d.dname, SUM(e.sal + NVL(e.comm, 0)) AS sal INSERT                0F66407F96683E82288B47C4A3692141 884839C0945B76EF500949A1737CDBEC
	LOAD_FROM_TAB     5   23 DNAME         /LOAD_FROM_TAB/LOAD_FROM_TAB/3nyyhcpmwxcgz/DNAME            4 COLUMN    REFERENCE    PLSCOPE   TABLE           DEPT                      d.deptno, d.dname, SUM(e.sal + NVL(e.comm, 0)) AS sal INSERT                0F66407F96683E82288B47C4A3692141 FECE4914A162E52126C5E631734692DA
	LOAD_FROM_TAB     5   36 SAL           /LOAD_FROM_TAB/LOAD_FROM_TAB/3nyyhcpmwxcgz/SAL              4 COLUMN    REFERENCE    PLSCOPE   TABLE           EMP                       d.deptno, d.dname, SUM(e.sal + NVL(e.comm, 0)) AS sal INSERT                0F66407F96683E82288B47C4A3692141 60535C7D73128F4E1E99B404D740FE16
	LOAD_FROM_TAB     5   48 COMM          /LOAD_FROM_TAB/LOAD_FROM_TAB/3nyyhcpmwxcgz/COMM             4 COLUMN    REFERENCE    PLSCOPE   TABLE           EMP                       d.deptno, d.dname, SUM(e.sal + NVL(e.comm, 0)) AS sal INSERT                0F66407F96683E82288B47C4A3692141 0DD90A25A7835C18B4B81A9F4C6FB6BA
	LOAD_FROM_TAB     6   11 DEPT          /LOAD_FROM_TAB/LOAD_FROM_TAB/3nyyhcpmwxcgz/DEPT             4 TABLE     REFERENCE    PLSCOPE   TABLE           DEPT                 FROM dept d                                                INSERT                0F66407F96683E82288B47C4A3692141 26739DBA3E26CBADF8B2E1FBB35428F5
	LOAD_FROM_TAB     8   24 EMP           /LOAD_FROM_TAB/LOAD_FROM_TAB/3nyyhcpmwxcgz/EMP              4 TABLE     REFERENCE    PLSCOPE   TABLE           EMP                               FROM emp                                      INSERT                0F66407F96683E82288B47C4A3692141 68FD9773CC24CA5C61FCE1CE2F27D0F8
	LOAD_FROM_TAB     9   24 HIREDATE      /LOAD_FROM_TAB/LOAD_FROM_TAB/3nyyhcpmwxcgz/HIREDATE         4 COLUMN    REFERENCE    PLSCOPE   TABLE           EMP                              WHERE hiredate > DATE '1980-01-01') e          INSERT                0F66407F96683E82288B47C4A3692141 7FDA2E553A30FF9773C84EBED43A686E
	LOAD_FROM_TAB    10   13 DEPTNO        /LOAD_FROM_TAB/LOAD_FROM_TAB/3nyyhcpmwxcgz/DEPTNO           4 COLUMN    REFERENCE    PLSCOPE   TABLE           EMP                    ON e.deptno = d.deptno                                   INSERT                0F66407F96683E82288B47C4A3692141 B99231DD1C6931BB3728106289DDBE98
	LOAD_FROM_TAB    10   24 DEPTNO        /LOAD_FROM_TAB/LOAD_FROM_TAB/3nyyhcpmwxcgz/DEPTNO           4 COLUMN    REFERENCE    PLSCOPE   TABLE           DEPT                   ON e.deptno = d.deptno                                   INSERT                0F66407F96683E82288B47C4A3692141 884839C0945B76EF500949A1737CDBEC
	LOAD_FROM_TAB    11   16 DEPTNO        /LOAD_FROM_TAB/LOAD_FROM_TAB/3nyyhcpmwxcgz/DEPTNO           4 COLUMN    REFERENCE    PLSCOPE   TABLE           DEPT                GROUP BY d.deptno, d.dname;                                 INSERT                0F66407F96683E82288B47C4A3692141 884839C0945B76EF500949A1737CDBEC
	LOAD_FROM_TAB    11   26 DNAME         /LOAD_FROM_TAB/LOAD_FROM_TAB/3nyyhcpmwxcgz/DNAME            4 COLUMN    REFERENCE    PLSCOPE   TABLE           DEPT                GROUP BY d.deptno, d.dname;                                 INSERT                0F66407F96683E82288B47C4A3692141 FECE4914A162E52126C5E631734692DA
	LOAD_FROM_TAB    12    4 COMMIT        /LOAD_FROM_TAB/LOAD_FROM_TAB/COMMIT                         3 COMMIT    EXECUTE                                                   COMMIT;                                                                                                             CCF976813EB05E9A94A09443EF466860

	19 rows selected.


### [View PLSCOPE\_STATEMENTS](https://github.com/PhilippSalvisberg/plscope-utils/blob/main/database/utils/view/plscope_statements.sql)

This view is based on the ```dba_statements``` view and adds a ```is_duplicate``` column.

The [etl](https://github.com/PhilippSalvisberg/plscope-utils/blob/main/database/demo/package/etl.pkb) package body contains various variants to load the ```deptsal``` target table. And the reported duplicate insert statement is used there as well.

#### Query

	SELECT line, col, type, sql_id, is_duplicate, full_text
	  FROM plscope_statements S
	 WHERE object_name = 'LOAD_FROM_TAB'
	 ORDER BY owner, object_type, object_name, line, col;

#### Result

	LINE  COL TYPE      SQL_ID        IS_DUPLICATE FULL_TEXT                                       
	---- ---- --------- ------------- ------------ -------------------------------------------------
	   3    4 INSERT    3nyyhcpmwxcgz YES          INSERT INTO DEPTSAL (DEPT_NO, DEPT_NAME, SALARY)
	                                               SELECT /*+ordered */ D.DEPTNO, D.DNAME, SUM(E.SAL
	                                                + NVL(E.COMM, 0)) AS SAL FROM DEPT D LEFT JOIN (
	                                               SELECT * FROM EMP WHERE HIREDATE > DATE '1980-01-
	                                               01') E ON E.DEPTNO = D.DEPTNO GROUP BY D.DEPTNO,
	                                               D.DNAME

	  12    4 COMMIT                  NO           

### [View PLSCOPE\_TAB\_USAGE](https://github.com/PhilippSalvisberg/plscope-utils/blob/main/database/utils/view/plscope_tab_usage.sql)

This view reports table usages. It is based on the views ```dba_tables```, ```dba_dependencies``` and ```plscope_identifiers```. Usages of synonyms and views are resolved and reporteded with a ```NO``` in the column ```DIRECT_DEPENDENCY```.

#### Query

	SELECT *
	  FROM plscope_tab_usage
	 WHERE procedure_name IN ('LOAD_FROM_TAB', 'LOAD_FROM_SYN_WILD')
	 ORDER BY owner, object_type, object_name, line, col, direct_dependency;

#### Result

	OWNER   OBJECT_TYPE  OBJECT_NAME   LINE  COL PROCEDURE_NAME     OPERATION REF_OWNER REF_OBJECT_TYPE REF_OBJECT_NAME DIRECT_DEPENDENCY TEXT                                                                             
	------- ------------ ------------- ---- ---- ------------------ --------- --------- --------------- --------------- ----------------- ---------------------------------------------------------------------------------
	PLSCOPE PACKAGE BODY ETL             14   19 LOAD_FROM_TAB      INSERT    PLSCOPE   TABLE           DEPTSAL         YES                     INSERT INTO deptsal (dept_no, dept_name, salary)                           
	PLSCOPE PACKAGE BODY ETL             16   14 LOAD_FROM_TAB      INSERT    PLSCOPE   TABLE           DEPT            YES                       FROM dept d                                                              
	PLSCOPE PACKAGE BODY ETL             17   34 LOAD_FROM_TAB      INSERT    PLSCOPE   TABLE           EMP             YES                       LEFT JOIN (SELECT * FROM emp WHERE hiredate > DATE '1980-01-01') e       
	PLSCOPE PACKAGE BODY ETL             47   19 LOAD_FROM_SYN_WILD INSERT    PLSCOPE   TABLE           DEPTSAL         YES                     INSERT INTO deptsal  -- no column list NOSONAR G-3110                      
	PLSCOPE PACKAGE BODY ETL             49   14 LOAD_FROM_SYN_WILD INSERT    PLSCOPE   VIEW            SOURCE_VIEW     NO                        FROM source_syn t;                                                       
	PLSCOPE PACKAGE BODY ETL             49   14 LOAD_FROM_SYN_WILD INSERT    PLSCOPE   TABLE           DEPT            NO                        FROM source_syn t;                                                       
	PLSCOPE PACKAGE BODY ETL             49   14 LOAD_FROM_SYN_WILD INSERT    PLSCOPE   TABLE           EMP             NO                        FROM source_syn t;                                                       
	PLSCOPE PACKAGE BODY ETL             49   14 LOAD_FROM_SYN_WILD INSERT    PLSCOPE   SYNONYM         SOURCE_SYN      YES                       FROM source_syn t;                                                       
	PLSCOPE PROCEDURE    LOAD_FROM_TAB    3   16 LOAD_FROM_TAB      INSERT    PLSCOPE   TABLE           DEPTSAL         YES                  INSERT INTO deptsal (dept_no, dept_name, salary)                              
	PLSCOPE PROCEDURE    LOAD_FROM_TAB    6   10 LOAD_FROM_TAB      INSERT    PLSCOPE   TABLE           DEPT            YES                   FROM dept d                                                                  
	PLSCOPE PROCEDURE    LOAD_FROM_TAB    8   23 LOAD_FROM_TAB      INSERT    PLSCOPE   TABLE           EMP             YES                                FROM emp                                                        
	
	11 rows selected. 


### [View PLSCOPE\_COL\_USAGE](https://github.com/PhilippSalvisberg/plscope-utils/blob/main/database/utils/view/plscope_col_usage.sql)

This view reports column usages. It is based on the views ```plscope_identifiers```, ```plscope_tab_usage```, ```dba_synonyms```, ```dba_objects``` and ```dba_tab_columns```. Column-less table/view/synonym accesses are resolved and reporteded with a ```NO``` in the column ```DIRECT_DEPENDENCY```.

#### Query

	SELECT *
	  FROM plscope_col_usage
	 WHERE procedure_name IN ('LOAD_FROM_TAB', 'LOAD_FROM_SYN_WILD')
	 ORDER BY owner, object_type, object_name, line, col, direct_dependency;

#### Result

	OWNER   OBJECT_TYPE  OBJECT_NAME   LINE  COL PROCEDURE_NAME     OPERATION REF_OWNER REF_OBJECT_TYPE REF_OBJECT_NAME COLUMN_NAME DIRECT_DEPENDENCY TEXT                                                                             
	------- ------------ ------------- ---- ---- ------------------ --------- --------- --------------- --------------- ----------- ----------------- ---------------------------------------------------------------------------------
	PLSCOPE PACKAGE BODY ETL             14   28 LOAD_FROM_TAB      INSERT    PLSCOPE   TABLE           DEPTSAL         DEPT_NO     YES                     INSERT INTO deptsal (dept_no, dept_name, salary)                           
	PLSCOPE PACKAGE BODY ETL             14   37 LOAD_FROM_TAB      INSERT    PLSCOPE   TABLE           DEPTSAL         DEPT_NAME   YES                     INSERT INTO deptsal (dept_no, dept_name, salary)                           
	PLSCOPE PACKAGE BODY ETL             14   48 LOAD_FROM_TAB      INSERT    PLSCOPE   TABLE           DEPTSAL         SALARY      YES                     INSERT INTO deptsal (dept_no, dept_name, salary)                           
	PLSCOPE PACKAGE BODY ETL             15   30 LOAD_FROM_TAB      INSERT    PLSCOPE   TABLE           DEPT            DEPTNO      YES                     SELECT /*+ordered */ d.deptno, d.dname, SUM(e.sal + NVL(e.comm, 0)) AS sal 
	PLSCOPE PACKAGE BODY ETL             15   40 LOAD_FROM_TAB      INSERT    PLSCOPE   TABLE           DEPT            DNAME       YES                     SELECT /*+ordered */ d.deptno, d.dname, SUM(e.sal + NVL(e.comm, 0)) AS sal 
	PLSCOPE PACKAGE BODY ETL             15   53 LOAD_FROM_TAB      INSERT    PLSCOPE   TABLE           EMP             SAL         YES                     SELECT /*+ordered */ d.deptno, d.dname, SUM(e.sal + NVL(e.comm, 0)) AS sal 
	PLSCOPE PACKAGE BODY ETL             15   65 LOAD_FROM_TAB      INSERT    PLSCOPE   TABLE           EMP             COMM        YES                     SELECT /*+ordered */ d.deptno, d.dname, SUM(e.sal + NVL(e.comm, 0)) AS sal 
	PLSCOPE PACKAGE BODY ETL             17   44 LOAD_FROM_TAB      INSERT    PLSCOPE   TABLE           EMP             HIREDATE    YES                       LEFT JOIN (SELECT * FROM emp WHERE hiredate > DATE '1980-01-01') e       
	PLSCOPE PACKAGE BODY ETL             18   16 LOAD_FROM_TAB      INSERT    PLSCOPE   TABLE           EMP             DEPTNO      YES                         ON e.deptno = d.deptno                                                 
	PLSCOPE PACKAGE BODY ETL             18   27 LOAD_FROM_TAB      INSERT    PLSCOPE   TABLE           DEPT            DEPTNO      YES                         ON e.deptno = d.deptno                                                 
	PLSCOPE PACKAGE BODY ETL             19   19 LOAD_FROM_TAB      INSERT    PLSCOPE   TABLE           DEPT            DEPTNO      YES                      GROUP BY d.deptno, d.dname;                                               
	PLSCOPE PACKAGE BODY ETL             19   29 LOAD_FROM_TAB      INSERT    PLSCOPE   TABLE           DEPT            DNAME       YES                      GROUP BY d.deptno, d.dname;                                               
	PLSCOPE PACKAGE BODY ETL             47   19 LOAD_FROM_SYN_WILD INSERT    PLSCOPE   TABLE           DEPTSAL         SALARY      NO                      INSERT INTO deptsal  -- no column list NOSONAR G-3110                      
	PLSCOPE PACKAGE BODY ETL             47   19 LOAD_FROM_SYN_WILD INSERT    PLSCOPE   TABLE           DEPTSAL         DEPT_NAME   NO                      INSERT INTO deptsal  -- no column list NOSONAR G-3110                      
	PLSCOPE PACKAGE BODY ETL             47   19 LOAD_FROM_SYN_WILD INSERT    PLSCOPE   TABLE           DEPTSAL         DEPT_NO     NO                      INSERT INTO deptsal  -- no column list NOSONAR G-3110                      
	PLSCOPE PACKAGE BODY ETL             49   14 LOAD_FROM_SYN_WILD INSERT    PLSCOPE   TABLE           EMP             SAL         NO                        FROM source_syn t;                                                       
	PLSCOPE PACKAGE BODY ETL             49   14 LOAD_FROM_SYN_WILD INSERT    PLSCOPE   TABLE           EMP             COMM        NO                        FROM source_syn t;                                                       
	PLSCOPE PACKAGE BODY ETL             49   14 LOAD_FROM_SYN_WILD INSERT    PLSCOPE   TABLE           DEPT            DNAME       NO                        FROM source_syn t;                                                       
	PLSCOPE PACKAGE BODY ETL             49   14 LOAD_FROM_SYN_WILD INSERT    PLSCOPE   TABLE           DEPT            DEPTNO      NO                        FROM source_syn t;                                                       
	PLSCOPE PACKAGE BODY ETL             49   14 LOAD_FROM_SYN_WILD INSERT    PLSCOPE   VIEW            SOURCE_VIEW     SALARY      NO                        FROM source_syn t;                                                       
	PLSCOPE PACKAGE BODY ETL             49   14 LOAD_FROM_SYN_WILD INSERT    PLSCOPE   VIEW            SOURCE_VIEW     DEPT_NAME   NO                        FROM source_syn t;                                                       
	PLSCOPE PACKAGE BODY ETL             49   14 LOAD_FROM_SYN_WILD INSERT    PLSCOPE   VIEW            SOURCE_VIEW     DEPT_NO     NO                        FROM source_syn t;                                                       
	PLSCOPE PROCEDURE    LOAD_FROM_TAB    3   25 LOAD_FROM_TAB      INSERT    PLSCOPE   TABLE           DEPTSAL         DEPT_NO     YES                  INSERT INTO deptsal (dept_no, dept_name, salary)                              
	PLSCOPE PROCEDURE    LOAD_FROM_TAB    3   34 LOAD_FROM_TAB      INSERT    PLSCOPE   TABLE           DEPTSAL         DEPT_NAME   YES                  INSERT INTO deptsal (dept_no, dept_name, salary)                              
	PLSCOPE PROCEDURE    LOAD_FROM_TAB    3   45 LOAD_FROM_TAB      INSERT    PLSCOPE   TABLE           DEPTSAL         SALARY      YES                  INSERT INTO deptsal (dept_no, dept_name, salary)                              
	PLSCOPE PROCEDURE    LOAD_FROM_TAB    5   13 LOAD_FROM_TAB      INSERT    PLSCOPE   TABLE           DEPT            DEPTNO      YES                         d.deptno, d.dname, SUM(e.sal + NVL(e.comm, 0)) AS sal                  
	PLSCOPE PROCEDURE    LOAD_FROM_TAB    5   23 LOAD_FROM_TAB      INSERT    PLSCOPE   TABLE           DEPT            DNAME       YES                         d.deptno, d.dname, SUM(e.sal + NVL(e.comm, 0)) AS sal                  
	PLSCOPE PROCEDURE    LOAD_FROM_TAB    5   36 LOAD_FROM_TAB      INSERT    PLSCOPE   TABLE           EMP             SAL         YES                         d.deptno, d.dname, SUM(e.sal + NVL(e.comm, 0)) AS sal                  
	PLSCOPE PROCEDURE    LOAD_FROM_TAB    5   48 LOAD_FROM_TAB      INSERT    PLSCOPE   TABLE           EMP             COMM        YES                         d.deptno, d.dname, SUM(e.sal + NVL(e.comm, 0)) AS sal                  
	PLSCOPE PROCEDURE    LOAD_FROM_TAB    9   23 LOAD_FROM_TAB      INSERT    PLSCOPE   TABLE           EMP             HIREDATE    YES                               WHERE hiredate > DATE '1980-01-01') e                            
	PLSCOPE PROCEDURE    LOAD_FROM_TAB   10   12 LOAD_FROM_TAB      INSERT    PLSCOPE   TABLE           EMP             DEPTNO      YES                     ON e.deptno = d.deptno                                                     
	PLSCOPE PROCEDURE    LOAD_FROM_TAB   10   23 LOAD_FROM_TAB      INSERT    PLSCOPE   TABLE           DEPT            DEPTNO      YES                     ON e.deptno = d.deptno                                                     
	PLSCOPE PROCEDURE    LOAD_FROM_TAB   11   15 LOAD_FROM_TAB      INSERT    PLSCOPE   TABLE           DEPT            DEPTNO      YES                  GROUP BY d.deptno, d.dname;                                                   
	PLSCOPE PROCEDURE    LOAD_FROM_TAB   11   25 LOAD_FROM_TAB      INSERT    PLSCOPE   TABLE           DEPT            DNAME       YES                  GROUP BY d.deptno, d.dname;                                                   
	
	34 rows selected.
	
### [View PLSCOPE\_NAMING](https://github.com/PhilippSalvisberg/plscope-utils/blob/main/database/utils/view/plscope_naming.sql)

This view checks if PL/SQL identifier names comply to the [Trivadis PL/SQL & SQL Coding Guidelines Version 3.2](https://www.salvis.com/download/guidelines/PLSQL_and_SQL_Coding_Guidelines_3_2.pdf). This view provides chosen columns from ```dba_identifiers``` plus the following:

Column Name           | Description
--------------------- | -------------
```procedure_name```  | Name of the function/procedure in a PL/SQL package (same as ```object_name``` for standalone procedures and functions)
```message```  | Result of the check. Error message or ```OK``` if check was successful.
```text``` | ```text``` of the referenced source code line

A prefix or suffix is defined for every group of identifiers listed in the table below. By default these naming conventions are applied. However, it is possible to override the default behaviour via session context variables.

Identifier Group | (P)refix / (S)uffix | Example | Session Context Attribute | Default Regular Expression 
-----------|---------------------|---------| -------------- | -----
Global Variable | P: g | ```g_version``` | ```GLOBAL_VARIABLE_REGEX``` | ```^g_.*```
Local Record Variable | P: r | ```r_employee``` | ```LOCAL_RECORD_VARIABLE_REGEX``` | ```^r_.*```
Local Array/Table Variable | P: t | ```t_employees``` | ```LOCAL_ARRAY_VARIABLE_REGEX``` | ```^t_.*```
Local Object Variable| P: o | ```o_employee``` | ```LOCAL_OBJECT_VARIABLE_REGEX``` | ```^o_.*```
Other Local Variable | P: l | ```l_version``` | ```LOCAL_VARIABLE_REGEX``` | ```^l_.*```
Cursor | P: c | ```c_employees``` | ```CURSOR_REGEX``` | ```^c_.*```
Cursor Parameter | P: p | ```p_empno``` | ```CURSOR_PARAMETER_REGEX``` | ```^p_.*```
In Parameter | P: in | ```in_empno``` | ```IN_PARAMETER_REGEX``` | ```^in_.*```
Out Parameter | P: out | ```out_ename``` | ```OUT_PARAMETER_REGEX``` | ```^out_.*```
In/Out Parameter | P: io | ```io_employee``` | ```IN_OUT_PARAMETER_REGEX``` | ```^io_.*```
Record Type | P: r / S: type | ```r_employee_type``` | ```RECORD_REGEX``` | ```^r_.*_type$```
Array/Table Type | P: t / S: type | ```t_employees_type``` | ```ARRAY_REGEX``` | ```^t_.*_type$``` 
Exception | P: e | ```e_employee_exists``` | ```EXCEPTION_REGEX``` | ```^e_.*```
Constant | P: co | ```co_empno``` | ```CONSTANT_REGEX``` | ```^co_.*```
Subtype | S: type | ```big_string_type``` | ```SUBTYPE_REGEX``` | ```.*_type$```

#### Example PL/SQL Package

The identfiers in tis PL/SQL package are used to demonstrate the functionality of the view.

	CREATE OR REPLACE PACKAGE pkg IS
	   g_global_variable INTEGER := 0;
	   g_global_constant CONSTANT VARCHAR2(10) := 'PUBLIC';
	
	   PROCEDURE p(p_1 IN INTEGER, p_2 OUT INTEGER);
	END pkg;
	/
	
	CREATE OR REPLACE PACKAGE BODY pkg IS
	   m_global_variable  INTEGER := 1;
	   co_global_constant CONSTANT VARCHAR2(10) := 'PRIVATE';
	
	   FUNCTION f(in_1 IN INTEGER) RETURN INTEGER IS
	      l_result INTEGER;
	   BEGIN
	    l_result := in_1 * in_1;
	      RETURN l_result;
	   END f;
	
	   PROCEDURE p(p_1 IN INTEGER, p_2 OUT INTEGER) IS
	   BEGIN
	      p_2 := f(in_1 => p_1);
	   END p;
	END pkg;
	/

#### Query

Use the following query to check results of package created above.

	SELECT object_type, procedure_name, type, name, message, line, col, text
	  FROM plscope_naming
	 WHERE object_name = 'PKG'
	 ORDER BY object_type, line, col;

If you are interested in naming convention violations only extend the where clause by ```AND message != 'OK'```.

#### Result Using Default Naming Conventions

	OBJECT_TYPE  PRO TYPE       NAME               MESSAGE                                       LINE  COL TEXT                                                     
	------------ --- ---------- ------------------ --------------------------------------------- ---- ---- ---------------------------------------------------------
	PACKAGE          VARIABLE   G_GLOBAL_VARIABLE  OK                                               2    4    g_global_variable INTEGER := 0;                       
	PACKAGE          CONSTANT   G_GLOBAL_CONSTANT  Constant does not match regex "^co_.*".          3    4    g_global_constant CONSTANT VARCHAR2(10) := 'PUBLIC';  
	PACKAGE      P   FORMAL IN  P_1                IN parameter does not match regex "^in_.*".      5   16    PROCEDURE p(p_1 IN INTEGER, p_2 OUT INTEGER);         
	PACKAGE      P   FORMAL OUT P_2                OUT parameter does not match regex "^out_.*".    5   32    PROCEDURE p(p_1 IN INTEGER, p_2 OUT INTEGER);         
	PACKAGE BODY     VARIABLE   M_GLOBAL_VARIABLE  Global variable does not match regex "^g_.*".    2    4    m_global_variable  INTEGER := 1;                      
	PACKAGE BODY     CONSTANT   CO_GLOBAL_CONSTANT OK                                               3    4    co_global_constant CONSTANT VARCHAR2(10) := 'PRIVATE';
	PACKAGE BODY F   FORMAL IN  IN_1               OK                                               5   15    FUNCTION f(in_1 IN INTEGER) RETURN INTEGER IS         
	PACKAGE BODY F   VARIABLE   L_RESULT           OK                                               6    7       l_result INTEGER;                                  
	PACKAGE BODY P   FORMAL IN  P_1                IN parameter does not match regex "^in_.*".     12   16    PROCEDURE p(p_1 IN INTEGER, p_2 OUT INTEGER) IS       
	PACKAGE BODY P   FORMAL OUT P_2                OUT parameter does not match regex "^out_.*".   12   32    PROCEDURE p(p_1 IN INTEGER, p_2 OUT INTEGER) IS       
	
	10 rows selected. 

#### Changing Naming Conventions

	BEGIN
	   plscope_context.set_attr('GLOBAL_VARIABLE_REGEX', '^(g|m)_.*');
	   plscope_context.set_attr('CONSTANT_REGEX',        '^(co|g)_.*');
	   plscope_context.set_attr('IN_PARAMETER_REGEX',    '^(in|p)_.*');
	   plscope_context.set_attr('OUT_PARAMETER_REGEX',   '^(out|p)_.*');
	END;
	/

#### Result after Changing Naming Conventions

	OBJECT_TYPE  PRO TYPE       NAME               MESSAGE                                       LINE  COL TEXT                                                     
	------------ --- ---------- ------------------ --------------------------------------------- ---- ---- ---------------------------------------------------------
	PACKAGE          VARIABLE   G_GLOBAL_VARIABLE  OK                                               2    4    g_global_variable INTEGER := 0;                       
	PACKAGE          CONSTANT   G_GLOBAL_CONSTANT  OK                                               3    4    g_global_constant CONSTANT VARCHAR2(10) := 'PUBLIC';  
	PACKAGE      P   FORMAL IN  P_1                OK                                               5   16    PROCEDURE p(p_1 IN INTEGER, p_2 OUT INTEGER);         
	PACKAGE      P   FORMAL OUT P_2                OK                                               5   32    PROCEDURE p(p_1 IN INTEGER, p_2 OUT INTEGER);         
	PACKAGE BODY     VARIABLE   M_GLOBAL_VARIABLE  OK                                               2    4    m_global_variable  INTEGER := 1;                      
	PACKAGE BODY     CONSTANT   CO_GLOBAL_CONSTANT OK                                               3    4    co_global_constant CONSTANT VARCHAR2(10) := 'PRIVATE';
	PACKAGE BODY F   FORMAL IN  IN_1               OK                                               5   15    FUNCTION f(in_1 IN INTEGER) RETURN INTEGER IS         
	PACKAGE BODY F   VARIABLE   L_RESULT           OK                                               6    7       l_result INTEGER;                                  
	PACKAGE BODY P   FORMAL IN  P_1                OK                                              12   16    PROCEDURE p(p_1 IN INTEGER, p_2 OUT INTEGER) IS       
	PACKAGE BODY P   FORMAL OUT P_2                OK                                              12   32    PROCEDURE p(p_1 IN INTEGER, p_2 OUT INTEGER) IS       
	
	10 rows selected. 	

#### Resetting Naming Conventions to Default Behaviour

	EXEC plscope_context.remove_all;

### [View PLSCOPE\_INS\_LINEAGE](https://github.com/PhilippSalvisberg/plscope-utils/blob/main/database/utils/view/plscope_ins_lineage.sql)

**_Experimental_**

This view reports the [where-lineage](http://ilpubs.stanford.edu:8090/918/1/lin_final.pdf) of insert statements. It is based on the view ```plscope_identifiers``` and the PL/SQL package ```lineage_util```. Behind the scenes insert statements are processed using the undocumented PL/SQL package procedure ```sys.utl_xml.parsequery```. This procedures supports select statements quite well including Oracle 12.2 grammar enhancements. However, it does not support PL/SQL at all, not even as part of the with_clause. Hence, not all select statements produce a parse-tree. Furthermore other statements such as insert, update, delete and merge produce incomplete parse-trees, which is somehow expected for a procedure called ```ParseQuery```. However, they are still useful to e.g. identify the target tables of an insert statement.

Even if this view produces quite good results on wide range of `INSERT ... SELECT` statements, it is considered experimental. To produce reliable, more complete results a PL/SQL and SQL parser is required.

Nonetheless this view shows the power of PL/Scope and its related database features.

The example below shows that the ```salary``` column in the table ```deptsal``` is based on the columns ```sal``` and ```comm``` of the table ```emp```. Similar as in the view ```plscope_col_usage``` synonyms and view columns are resolved recursively. You may control the behaviour in the view by calling the ```lineage_util.set_recursive``` procedure before executing the query.

#### Query

	SELECT *
	  FROM plscope_ins_lineage
	 WHERE object_name IN ('ETL', 'LOAD_FROM_TAB')
	   AND procedure_name IN ('LOAD_FROM_TAB', 'LOAD_FROM_SYN_WILD')
	 ORDER BY owner, object_type, object_name, line, col, 
	       to_object_name, to_column_name, 
	       from_owner, from_object_type, from_object_name, from_column_name;

#### Result (default)

	OWNER   OBJECT_TYPE  OBJECT_NAME   LINE  COL PROCEDURE_NAME     FROM_OWNER FROM_OBJECT_TYPE FROM_OBJECT_NAME FROM_COLUMN_NAME TO_OWNER TO_OBJECT_TYPE TO_OBJECT_NAME TO_COLUMN_NAME
	------- ------------ ------------- ---- ---- ------------------ ---------- ---------------- ---------------- ---------------- -------- -------------- -------------- --------------
	PLSCOPE PACKAGE BODY ETL             14    7 LOAD_FROM_TAB      PLSCOPE    TABLE            DEPT             DNAME            PLSCOPE  TABLE          DEPTSAL        DEPT_NAME     
	PLSCOPE PACKAGE BODY ETL             14    7 LOAD_FROM_TAB      PLSCOPE    TABLE            DEPT             DEPTNO           PLSCOPE  TABLE          DEPTSAL        DEPT_NO       
	PLSCOPE PACKAGE BODY ETL             14    7 LOAD_FROM_TAB      PLSCOPE    TABLE            EMP              COMM             PLSCOPE  TABLE          DEPTSAL        SALARY        
	PLSCOPE PACKAGE BODY ETL             14    7 LOAD_FROM_TAB      PLSCOPE    TABLE            EMP              SAL              PLSCOPE  TABLE          DEPTSAL        SALARY        
	PLSCOPE PACKAGE BODY ETL             47    7 LOAD_FROM_SYN_WILD PLSCOPE    TABLE            DEPT             DNAME            PLSCOPE  TABLE          DEPTSAL        DEPT_NAME     
	PLSCOPE PACKAGE BODY ETL             47    7 LOAD_FROM_SYN_WILD PLSCOPE    VIEW             SOURCE_VIEW      DEPT_NAME        PLSCOPE  TABLE          DEPTSAL        DEPT_NAME     
	PLSCOPE PACKAGE BODY ETL             47    7 LOAD_FROM_SYN_WILD PLSCOPE    TABLE            DEPT             DEPTNO           PLSCOPE  TABLE          DEPTSAL        DEPT_NO       
	PLSCOPE PACKAGE BODY ETL             47    7 LOAD_FROM_SYN_WILD PLSCOPE    VIEW             SOURCE_VIEW      DEPT_NO          PLSCOPE  TABLE          DEPTSAL        DEPT_NO       
	PLSCOPE PACKAGE BODY ETL             47    7 LOAD_FROM_SYN_WILD PLSCOPE    TABLE            EMP              COMM             PLSCOPE  TABLE          DEPTSAL        SALARY        
	PLSCOPE PACKAGE BODY ETL             47    7 LOAD_FROM_SYN_WILD PLSCOPE    TABLE            EMP              SAL              PLSCOPE  TABLE          DEPTSAL        SALARY        
	PLSCOPE PACKAGE BODY ETL             47    7 LOAD_FROM_SYN_WILD PLSCOPE    VIEW             SOURCE_VIEW      SALARY           PLSCOPE  TABLE          DEPTSAL        SALARY        
	PLSCOPE PROCEDURE    LOAD_FROM_TAB    3    4 LOAD_FROM_TAB      PLSCOPE    TABLE            DEPT             DNAME            PLSCOPE  TABLE          DEPTSAL        DEPT_NAME     
	PLSCOPE PROCEDURE    LOAD_FROM_TAB    3    4 LOAD_FROM_TAB      PLSCOPE    TABLE            DEPT             DEPTNO           PLSCOPE  TABLE          DEPTSAL        DEPT_NO       
	PLSCOPE PROCEDURE    LOAD_FROM_TAB    3    4 LOAD_FROM_TAB      PLSCOPE    TABLE            EMP              COMM             PLSCOPE  TABLE          DEPTSAL        SALARY        
	PLSCOPE PROCEDURE    LOAD_FROM_TAB    3    4 LOAD_FROM_TAB      PLSCOPE    TABLE            EMP              SAL              PLSCOPE  TABLE          DEPTSAL        SALARY        
	
	15 rows selected. 

#### Result (after calling ```EXEC lineage_util.set_recursive(0);```)

	OWNER   OBJECT_TYPE  OBJECT_NAME   LINE  COL PROCEDURE_NAME     FROM_OWNER FROM_OBJECT_TYPE FROM_OBJECT_NAME FROM_COLUMN_NAME TO_OWNER TO_OBJECT_TYPE TO_OBJECT_NAME TO_COLUMN_NAME
	------- ------------ ------------- ---- ---- ------------------ ---------- ---------------- ---------------- ---------------- -------- -------------- -------------- --------------
	PLSCOPE PACKAGE BODY ETL             14    7 LOAD_FROM_TAB      PLSCOPE    TABLE            DEPT             DNAME            PLSCOPE  TABLE          DEPTSAL        DEPT_NAME     
	PLSCOPE PACKAGE BODY ETL             14    7 LOAD_FROM_TAB      PLSCOPE    TABLE            DEPT             DEPTNO           PLSCOPE  TABLE          DEPTSAL        DEPT_NO       
	PLSCOPE PACKAGE BODY ETL             14    7 LOAD_FROM_TAB      PLSCOPE    TABLE            EMP              COMM             PLSCOPE  TABLE          DEPTSAL        SALARY        
	PLSCOPE PACKAGE BODY ETL             14    7 LOAD_FROM_TAB      PLSCOPE    TABLE            EMP              SAL              PLSCOPE  TABLE          DEPTSAL        SALARY        
	PLSCOPE PACKAGE BODY ETL             47    7 LOAD_FROM_SYN_WILD PLSCOPE    VIEW             SOURCE_VIEW      DEPT_NAME        PLSCOPE  TABLE          DEPTSAL        DEPT_NAME     
	PLSCOPE PACKAGE BODY ETL             47    7 LOAD_FROM_SYN_WILD PLSCOPE    VIEW             SOURCE_VIEW      DEPT_NO          PLSCOPE  TABLE          DEPTSAL        DEPT_NO       
	PLSCOPE PACKAGE BODY ETL             47    7 LOAD_FROM_SYN_WILD PLSCOPE    VIEW             SOURCE_VIEW      SALARY           PLSCOPE  TABLE          DEPTSAL        SALARY        
	PLSCOPE PROCEDURE    LOAD_FROM_TAB    3    4 LOAD_FROM_TAB      PLSCOPE    TABLE            DEPT             DNAME            PLSCOPE  TABLE          DEPTSAL        DEPT_NAME     
	PLSCOPE PROCEDURE    LOAD_FROM_TAB    3    4 LOAD_FROM_TAB      PLSCOPE    TABLE            DEPT             DEPTNO           PLSCOPE  TABLE          DEPTSAL        DEPT_NO       
	PLSCOPE PROCEDURE    LOAD_FROM_TAB    3    4 LOAD_FROM_TAB      PLSCOPE    TABLE            EMP              COMM             PLSCOPE  TABLE          DEPTSAL        SALARY        
	PLSCOPE PROCEDURE    LOAD_FROM_TAB    3    4 LOAD_FROM_TAB      PLSCOPE    TABLE            EMP              SAL              PLSCOPE  TABLE          DEPTSAL        SALARY        
	
	11 rows selected. 

## License

plscope-utils is licensed under the Apache License, Version 2.0. You may obtain a copy of the License at <http://www.apache.org/licenses/LICENSE-2.0>.
